{"tileSize":16,"mapWidth":35,"mapHeight":17,"layers":[{"name":"killer","tiles":[{"id":"0","x":20,"y":15},{"id":"1","x":21,"y":15},{"id":"2","x":16,"y":15},{"id":"3","x":15,"y":15}],"collider":false},{"name":"interactives","tiles":[{"id":"4","x":6,"y":11},{"id":"5","x":7,"y":11},{"id":"6","x":8,"y":11},{"id":"7","x":9,"y":11},{"id":"8","x":7,"y":12},{"id":"9","x":6,"y":13},{"id":"10","x":6,"y":14},{"id":"11","x":6,"y":15},{"id":"12","x":8,"y":12},{"id":"13","x":7,"y":13},{"id":"14","x":8,"y":13},{"id":"15","x":9,"y":12},{"id":"16","x":9,"y":13},{"id":"17","x":7,"y":14},{"id":"18","x":8,"y":14},{"id":"19","x":9,"y":14},{"id":"20","x":7,"y":15},{"id":"21","x":8,"y":15},{"id":"22","x":9,"y":15},{"id":"23","x":25,"y":12},{"id":"24","x":25,"y":11},{"id":"25","x":25,"y":10},{"id":"26","x":26,"y":10},{"id":"27","x":26,"y":11},{"id":"28","x":26,"y":12},{"id":"29","x":26,"y":14},{"id":"30","x":27,"y":14},{"id":"31","x":26,"y":15},{"id":"32","x":27,"y":15},{"id":"33","x":26,"y":16},{"id":"34","x":27,"y":16},{"id":"35","x":12,"y":8},{"id":"36","x":13,"y":8},{"id":"37","x":12,"y":9},{"id":"38","x":13,"y":9},{"id":"39","x":14,"y":7},{"id":"40","x":15,"y":7},{"id":"41","x":16,"y":7},{"id":"42","x":17,"y":7},{"id":"43","x":14,"y":8},{"id":"44","x":15,"y":8},{"id":"45","x":16,"y":8},{"id":"46","x":17,"y":8},{"id":"47","x":14,"y":9},{"id":"48","x":15,"y":9},{"id":"49","x":16,"y":9},{"id":"50","x":17,"y":9}],"collider":false},{"name":"plataform","tiles":[{"id":"51","x":1,"y":8},{"id":"52","x":2,"y":8},{"id":"53","x":3,"y":8},{"id":"54","x":4,"y":8},{"id":"51","x":5,"y":8},{"id":"52","x":6,"y":8},{"id":"53","x":7,"y":8},{"id":"54","x":8,"y":8},{"id":"55","x":1,"y":9},{"id":"56","x":2,"y":9},{"id":"57","x":3,"y":9},{"id":"58","x":4,"y":9},{"id":"55","x":5,"y":9},{"id":"56","x":6,"y":9},{"id":"57","x":7,"y":9},{"id":"58","x":8,"y":9},{"id":"59","x":9,"y":9},{"id":"60","x":9,"y":8},{"id":"61","x":9,"y":10},{"id":"62","x":10,"y":9},{"id":"63","x":10,"y":10},{"id":"51","x":11,"y":9},{"id":"52","x":12,"y":9},{"id":"53","x":13,"y":9},{"id":"54","x":14,"y":9},{"id":"51","x":15,"y":9},{"id":"52","x":16,"y":9},{"id":"64","x":17,"y":9},{"id":"65","x":17,"y":10},{"id":"58","x":16,"y":10},{"id":"57","x":15,"y":10},{"id":"56","x":14,"y":10},{"id":"57","x":13,"y":10},{"id":"58","x":12,"y":10},{"id":"57","x":11,"y":10},{"id":"66","x":23,"y":12},{"id":"51","x":24,"y":12},{"id":"52","x":25,"y":12},{"id":"53","x":26,"y":12},{"id":"54","x":27,"y":12},{"id":"51","x":28,"y":12},{"id":"52","x":29,"y":12},{"id":"67","x":23,"y":13},{"id":"55","x":24,"y":13},{"id":"55","x":25,"y":13},{"id":"56","x":26,"y":13},{"id":"57","x":27,"y":13},{"id":"57","x":28,"y":13},{"id":"57","x":29,"y":13},{"id":"58","x":30,"y":13},{"id":"53","x":30,"y":12},{"id":"52","x":31,"y":12},{"id":"52","x":32,"y":12},{"id":"52","x":33,"y":12},{"id":"56","x":31,"y":13},{"id":"56","x":32,"y":13},{"id":"56","x":33,"y":13}],"collider":false},{"name":"background","tiles":[{"id":"68","x":0,"y":1},{"id":"68","x":0,"y":2},{"id":"68","x":0,"y":3},{"id":"68","x":0,"y":4},{"id":"68","x":0,"y":5},{"id":"68","x":0,"y":6},{"id":"68","x":0,"y":7},{"id":"68","x":0,"y":8},{"id":"68","x":0,"y":9},{"id":"68","x":0,"y":10},{"id":"68","x":0,"y":11},{"id":"68","x":0,"y":12},{"id":"68","x":0,"y":13},{"id":"68","x":0,"y":14},{"id":"68","x":0,"y":15},{"id":"69","x":34,"y":1},{"id":"69","x":34,"y":2},{"id":"69","x":34,"y":3},{"id":"69","x":34,"y":4},{"id":"69","x":34,"y":5},{"id":"69","x":34,"y":6},{"id":"69","x":34,"y":7},{"id":"69","x":34,"y":8},{"id":"69","x":34,"y":9},{"id":"69","x":34,"y":10},{"id":"69","x":34,"y":11},{"id":"69","x":34,"y":12},{"id":"69","x":34,"y":13},{"id":"69","x":34,"y":14},{"id":"69","x":34,"y":15},{"id":"70","x":9,"y":0},{"id":"70","x":10,"y":0},{"id":"70","x":11,"y":0},{"id":"70","x":12,"y":0},{"id":"70","x":13,"y":0},{"id":"70","x":14,"y":0},{"id":"70","x":15,"y":0},{"id":"70","x":16,"y":0},{"id":"70","x":17,"y":0},{"id":"70","x":18,"y":0},{"id":"70","x":19,"y":0},{"id":"70","x":20,"y":0},{"id":"70","x":21,"y":0},{"id":"70","x":22,"y":0},{"id":"70","x":23,"y":0},{"id":"70","x":24,"y":0},{"id":"70","x":25,"y":0},{"id":"70","x":26,"y":0},{"id":"70","x":27,"y":0},{"id":"70","x":28,"y":0},{"id":"70","x":29,"y":0},{"id":"70","x":30,"y":0},{"id":"70","x":31,"y":0},{"id":"70","x":32,"y":0},{"id":"71","x":33,"y":0},{"id":"71","x":34,"y":0},{"id":"70","x":8,"y":0},{"id":"70","x":7,"y":0},{"id":"70","x":6,"y":0},{"id":"70","x":5,"y":0},{"id":"70","x":4,"y":0},{"id":"70","x":3,"y":0},{"id":"70","x":2,"y":0},{"id":"72","x":1,"y":0},{"id":"72","x":0,"y":0},{"id":"73","x":1,"y":1},{"id":"73","x":4,"y":2},{"id":"73","x":4,"y":3},{"id":"73","x":1,"y":2},{"id":"73","x":1,"y":3},{"id":"73","x":1,"y":5},{"id":"73","x":1,"y":4},{"id":"73","x":5,"y":7},{"id":"73","x":1,"y":6},{"id":"73","x":1,"y":7},{"id":"73","x":6,"y":7},{"id":"73","x":6,"y":8},{"id":"73","x":5,"y":8},{"id":"73","x":1,"y":8},{"id":"73","x":4,"y":10},{"id":"73","x":4,"y":11},{"id":"73","x":4,"y":12},{"id":"73","x":1,"y":10},{"id":"73","x":1,"y":11},{"id":"73","x":1,"y":12},{"id":"73","x":1,"y":14},{"id":"73","x":1,"y":15},{"id":"73","x":5,"y":15},{"id":"73","x":4,"y":15},{"id":"73","x":4,"y":13},{"id":"73","x":4,"y":14},{"id":"73","x":5,"y":14},{"id":"73","x":5,"y":13},{"id":"73","x":5,"y":12},{"id":"73","x":5,"y":11},{"id":"73","x":5,"y":10},{"id":"73","x":4,"y":8},{"id":"73","x":4,"y":7},{"id":"73","x":4,"y":6},{"id":"73","x":5,"y":1},{"id":"73","x":5,"y":2},{"id":"73","x":6,"y":1},{"id":"73","x":7,"y":1},{"id":"73","x":6,"y":2},{"id":"73","x":7,"y":2},{"id":"73","x":8,"y":2},{"id":"73","x":8,"y":1},{"id":"73","x":9,"y":1},{"id":"73","x":10,"y":1},{"id":"73","x":13,"y":1},{"id":"73","x":14,"y":4},{"id":"73","x":13,"y":7},{"id":"73","x":13,"y":6},{"id":"73","x":13,"y":5},{"id":"73","x":16,"y":10},{"id":"73","x":14,"y":10},{"id":"73","x":15,"y":7},{"id":"73","x":15,"y":8},{"id":"73","x":15,"y":9},{"id":"73","x":7,"y":7},{"id":"73","x":7,"y":8},{"id":"73","x":8,"y":7},{"id":"73","x":9,"y":7},{"id":"73","x":9,"y":6},{"id":"73","x":9,"y":3},{"id":"73","x":9,"y":2},{"id":"73","x":10,"y":2},{"id":"73","x":10,"y":7},{"id":"73","x":10,"y":6},{"id":"73","x":10,"y":5},{"id":"73","x":10,"y":4},{"id":"73","x":11,"y":5},{"id":"73","x":12,"y":5},{"id":"73","x":13,"y":4},{"id":"73","x":12,"y":7},{"id":"73","x":12,"y":6},{"id":"73","x":11,"y":6},{"id":"73","x":11,"y":7},{"id":"73","x":9,"y":8},{"id":"73","x":7,"y":10},{"id":"73","x":6,"y":10},{"id":"73","x":12,"y":10},{"id":"73","x":11,"y":15},{"id":"73","x":14,"y":15},{"id":"73","x":13,"y":15},{"id":"73","x":12,"y":15},{"id":"73","x":14,"y":14},{"id":"73","x":11,"y":14},{"id":"73","x":12,"y":14},{"id":"73","x":13,"y":14},{"id":"73","x":15,"y":13},{"id":"73","x":16,"y":13},{"id":"73","x":11,"y":13},{"id":"73","x":14,"y":11},{"id":"73","x":17,"y":10},{"id":"73","x":19,"y":10},{"id":"73","x":18,"y":10},{"id":"73","x":15,"y":10},{"id":"73","x":13,"y":10},{"id":"73","x":15,"y":11},{"id":"73","x":14,"y":12},{"id":"73","x":16,"y":11},{"id":"73","x":16,"y":12},{"id":"73","x":13,"y":13},{"id":"73","x":15,"y":12},{"id":"73","x":17,"y":12},{"id":"73","x":17,"y":13},{"id":"73","x":15,"y":14},{"id":"73","x":18,"y":14},{"id":"73","x":17,"y":14},{"id":"73","x":16,"y":14},{"id":"73","x":15,"y":15},{"id":"73","x":16,"y":15},{"id":"73","x":17,"y":15},{"id":"73","x":22,"y":15},{"id":"73","x":30,"y":15},{"id":"73","x":33,"y":15},{"id":"73","x":33,"y":14},{"id":"73","x":33,"y":13},{"id":"73","x":33,"y":11},{"id":"73","x":33,"y":10},{"id":"73","x":33,"y":9},{"id":"73","x":33,"y":8},{"id":"73","x":33,"y":7},{"id":"73","x":33,"y":6},{"id":"73","x":33,"y":5},{"id":"73","x":33,"y":4},{"id":"73","x":33,"y":3},{"id":"73","x":33,"y":2},{"id":"73","x":33,"y":1},{"id":"73","x":21,"y":2},{"id":"73","x":20,"y":2},{"id":"73","x":18,"y":2},{"id":"73","x":14,"y":1},{"id":"73","x":15,"y":1},{"id":"73","x":16,"y":1},{"id":"73","x":17,"y":1},{"id":"73","x":18,"y":1},{"id":"73","x":19,"y":1},{"id":"73","x":20,"y":1},{"id":"73","x":24,"y":1},{"id":"73","x":25,"y":1},{"id":"73","x":26,"y":1},{"id":"73","x":27,"y":1},{"id":"73","x":28,"y":1},{"id":"73","x":30,"y":1},{"id":"73","x":24,"y":2},{"id":"73","x":21,"y":1},{"id":"73","x":19,"y":2},{"id":"73","x":17,"y":2},{"id":"73","x":16,"y":2},{"id":"73","x":15,"y":2},{"id":"73","x":15,"y":4},{"id":"73","x":14,"y":3},{"id":"73","x":16,"y":3},{"id":"73","x":15,"y":3},{"id":"73","x":10,"y":3},{"id":"73","x":17,"y":3},{"id":"73","x":25,"y":3},{"id":"73","x":20,"y":3},{"id":"73","x":22,"y":3},{"id":"73","x":25,"y":2},{"id":"73","x":24,"y":3},{"id":"73","x":23,"y":4},{"id":"73","x":21,"y":3},{"id":"73","x":23,"y":3},{"id":"73","x":22,"y":4},{"id":"73","x":16,"y":4},{"id":"73","x":18,"y":3},{"id":"73","x":19,"y":3},{"id":"73","x":14,"y":5},{"id":"73","x":17,"y":4},{"id":"73","x":15,"y":6},{"id":"73","x":16,"y":9},{"id":"73","x":17,"y":9},{"id":"73","x":17,"y":8},{"id":"73","x":16,"y":8},{"id":"73","x":17,"y":7},{"id":"73","x":19,"y":9},{"id":"73","x":21,"y":5},{"id":"73","x":21,"y":6},{"id":"73","x":21,"y":7},{"id":"73","x":24,"y":5},{"id":"73","x":24,"y":4},{"id":"73","x":23,"y":5},{"id":"73","x":22,"y":6},{"id":"73","x":20,"y":7},{"id":"73","x":19,"y":8},{"id":"73","x":18,"y":9},{"id":"73","x":18,"y":8},{"id":"73","x":20,"y":4},{"id":"73","x":21,"y":4},{"id":"73","x":22,"y":5},{"id":"73","x":22,"y":7},{"id":"73","x":21,"y":11},{"id":"73","x":20,"y":11},{"id":"73","x":20,"y":8},{"id":"73","x":20,"y":9},{"id":"73","x":20,"y":10},{"id":"73","x":17,"y":11},{"id":"73","x":18,"y":11},{"id":"73","x":19,"y":11},{"id":"73","x":18,"y":12},{"id":"73","x":19,"y":13},{"id":"73","x":18,"y":13},{"id":"73","x":19,"y":12},{"id":"73","x":20,"y":12},{"id":"73","x":18,"y":15},{"id":"73","x":22,"y":14},{"id":"73","x":22,"y":13},{"id":"73","x":22,"y":12},{"id":"73","x":21,"y":12},{"id":"73","x":22,"y":11},{"id":"73","x":30,"y":14},{"id":"73","x":30,"y":13},{"id":"73","x":30,"y":10},{"id":"73","x":30,"y":11},{"id":"73","x":29,"y":11},{"id":"73","x":25,"y":5},{"id":"73","x":25,"y":4},{"id":"73","x":26,"y":5},{"id":"73","x":26,"y":3},{"id":"73","x":26,"y":4},{"id":"73","x":27,"y":5},{"id":"73","x":28,"y":6},{"id":"73","x":28,"y":7},{"id":"73","x":28,"y":5},{"id":"73","x":29,"y":7},{"id":"73","x":29,"y":6},{"id":"73","x":29,"y":5},{"id":"73","x":29,"y":3},{"id":"73","x":30,"y":2},{"id":"73","x":30,"y":3},{"id":"73","x":30,"y":4},{"id":"73","x":30,"y":5},{"id":"73","x":23,"y":13},{"id":"73","x":4,"y":1},{"id":"74","x":3,"y":1},{"id":"75","x":2,"y":7},{"id":"75","x":2,"y":8},{"id":"75","x":2,"y":10},{"id":"75","x":2,"y":11},{"id":"76","x":3,"y":2},{"id":"77","x":3,"y":3},{"id":"77","x":3,"y":4},{"id":"77","x":3,"y":5},{"id":"77","x":3,"y":6},{"id":"77","x":3,"y":7},{"id":"77","x":3,"y":8},{"id":"77","x":3,"y":10},{"id":"77","x":3,"y":11},{"id":"78","x":2,"y":12},{"id":"79","x":3,"y":12},{"id":"80","x":2,"y":15},{"id":"81","x":3,"y":15},{"id":"78","x":2,"y":14},{"id":"79","x":3,"y":14},{"id":"82","x":2,"y":13},{"id":"83","x":3,"y":13},{"id":"84","x":1,"y":13},{"id":"75","x":2,"y":6},{"id":"75","x":2,"y":5},{"id":"75","x":2,"y":4},{"id":"75","x":2,"y":3},{"id":"85","x":2,"y":2},{"id":"86","x":2,"y":1},{"id":"86","x":31,"y":1},{"id":"74","x":32,"y":1},{"id":"85","x":31,"y":2},{"id":"76","x":32,"y":2},{"id":"75","x":31,"y":3},{"id":"75","x":31,"y":4},{"id":"75","x":31,"y":5},{"id":"75","x":31,"y":6},{"id":"73","x":30,"y":9},{"id":"73","x":30,"y":8},{"id":"73","x":30,"y":7},{"id":"73","x":30,"y":6},{"id":"75","x":31,"y":7},{"id":"75","x":31,"y":8},{"id":"75","x":31,"y":9},{"id":"77","x":32,"y":3},{"id":"77","x":32,"y":4},{"id":"77","x":32,"y":5},{"id":"77","x":32,"y":6},{"id":"77","x":32,"y":7},{"id":"77","x":32,"y":8},{"id":"77","x":32,"y":9},{"id":"77","x":32,"y":13},{"id":"75","x":31,"y":13},{"id":"80","x":31,"y":15},{"id":"81","x":32,"y":15},{"id":"78","x":31,"y":14},{"id":"79","x":32,"y":14},{"id":"87","x":6,"y":15},{"id":"88","x":6,"y":14},{"id":"89","x":6,"y":13},{"id":"90","x":6,"y":12},{"id":"91","x":7,"y":11},{"id":"92","x":7,"y":12},{"id":"93","x":8,"y":11},{"id":"94","x":8,"y":12},{"id":"95","x":9,"y":11},{"id":"96","x":9,"y":12},{"id":"97","x":9,"y":13},{"id":"98","x":9,"y":15},{"id":"73","x":10,"y":15},{"id":"73","x":10,"y":14},{"id":"99","x":10,"y":11},{"id":"99","x":10,"y":12},{"id":"99","x":10,"y":13},{"id":"99","x":11,"y":11},{"id":"99","x":11,"y":12},{"id":"99","x":12,"y":13},{"id":"99","x":12,"y":12},{"id":"99","x":12,"y":11},{"id":"99","x":13,"y":11},{"id":"99","x":13,"y":12},{"id":"99","x":15,"y":5},{"id":"99","x":16,"y":7},{"id":"99","x":16,"y":6},{"id":"99","x":16,"y":5},{"id":"99","x":17,"y":5},{"id":"99","x":17,"y":6},{"id":"99","x":18,"y":6},{"id":"99","x":18,"y":5},{"id":"99","x":18,"y":4},{"id":"99","x":19,"y":4},{"id":"99","x":19,"y":5},{"id":"99","x":20,"y":5},{"id":"99","x":20,"y":6},{"id":"99","x":19,"y":6},{"id":"99","x":19,"y":7},{"id":"99","x":18,"y":7},{"id":"99","x":19,"y":15},{"id":"99","x":19,"y":14},{"id":"99","x":21,"y":15},{"id":"99","x":20,"y":15},{"id":"99","x":20,"y":14},{"id":"99","x":21,"y":14},{"id":"99","x":21,"y":13},{"id":"99","x":20,"y":13},{"id":"99","x":14,"y":2},{"id":"99","x":13,"y":2},{"id":"99","x":13,"y":3},{"id":"99","x":27,"y":4},{"id":"99","x":26,"y":2},{"id":"99","x":27,"y":2},{"id":"99","x":27,"y":3},{"id":"99","x":29,"y":2},{"id":"99","x":29,"y":1},{"id":"99","x":28,"y":2},{"id":"99","x":28,"y":3},{"id":"99","x":28,"y":4},{"id":"99","x":29,"y":4},{"id":"100","x":23,"y":6},{"id":"101","x":23,"y":7},{"id":"101","x":21,"y":9},{"id":"102","x":21,"y":8},{"id":"103","x":21,"y":10},{"id":"104","x":23,"y":11},{"id":"105","x":29,"y":9},{"id":"105","x":27,"y":7},{"id":"106","x":27,"y":6},{"id":"107","x":29,"y":8},{"id":"106","x":29,"y":10},{"id":"73","x":14,"y":7},{"id":"73","x":14,"y":6},{"id":"73","x":12,"y":9},{"id":"73","x":13,"y":9},{"id":"73","x":14,"y":9},{"id":"73","x":14,"y":8},{"id":"73","x":13,"y":8},{"id":"73","x":12,"y":8},{"id":"73","x":11,"y":8},{"id":"73","x":11,"y":9},{"id":"104","x":4,"y":4},{"id":"101","x":4,"y":5},{"id":"108","x":5,"y":6},{"id":"109","x":8,"y":3},{"id":"102","x":5,"y":3},{"id":"107","x":9,"y":4},{"id":"106","x":9,"y":5},{"id":"107","x":8,"y":6},{"id":"110","x":7,"y":13},{"id":"111","x":8,"y":13},{"id":"112","x":7,"y":14},{"id":"113","x":8,"y":14},{"id":"114","x":9,"y":14},{"id":"115","x":8,"y":15},{"id":"116","x":11,"y":1},{"id":"117","x":12,"y":1},{"id":"118","x":11,"y":2},{"id":"119","x":12,"y":2},{"id":"120","x":11,"y":3},{"id":"121","x":12,"y":3},{"id":"122","x":12,"y":4},{"id":"123","x":11,"y":4},{"id":"124","x":22,"y":1},{"id":"125","x":23,"y":1},{"id":"126","x":22,"y":2},{"id":"127","x":23,"y":2},{"id":"73","x":8,"y":8},{"id":"73","x":11,"y":10},{"id":"73","x":10,"y":10},{"id":"73","x":9,"y":10},{"id":"73","x":8,"y":10},{"id":"73","x":1,"y":9},{"id":"73","x":4,"y":9},{"id":"73","x":5,"y":9},{"id":"73","x":6,"y":9},{"id":"73","x":7,"y":9},{"id":"73","x":8,"y":9},{"id":"73","x":9,"y":9},{"id":"73","x":10,"y":8},{"id":"73","x":10,"y":9},{"id":"128","x":2,"y":9},{"id":"129","x":3,"y":9},{"id":"73","x":33,"y":12},{"id":"73","x":30,"y":12},{"id":"75","x":31,"y":12},{"id":"130","x":31,"y":10},{"id":"130","x":31,"y":11},{"id":"131","x":32,"y":10},{"id":"131","x":32,"y":11},{"id":"131","x":32,"y":12},{"id":"132","x":14,"y":13},{"id":"4","x":6,"y":11},{"id":"104","x":23,"y":12},{"id":"104","x":24,"y":13},{"id":"103","x":23,"y":14},{"id":"133","x":23,"y":15},{"id":"105","x":29,"y":12},{"id":"106","x":29,"y":13},{"id":"107","x":29,"y":14},{"id":"106","x":29,"y":15},{"id":"134","x":1,"y":16},{"id":"134","x":2,"y":16},{"id":"134","x":3,"y":16},{"id":"134","x":4,"y":16},{"id":"134","x":5,"y":16},{"id":"134","x":6,"y":16},{"id":"134","x":7,"y":16},{"id":"134","x":8,"y":16},{"id":"134","x":9,"y":16},{"id":"134","x":10,"y":16},{"id":"134","x":11,"y":16},{"id":"134","x":12,"y":16},{"id":"134","x":13,"y":16},{"id":"134","x":14,"y":16},{"id":"134","x":15,"y":16},{"id":"134","x":16,"y":16},{"id":"134","x":17,"y":16},{"id":"134","x":18,"y":16},{"id":"134","x":19,"y":16},{"id":"134","x":20,"y":16},{"id":"134","x":21,"y":16},{"id":"134","x":22,"y":16},{"id":"134","x":23,"y":16},{"id":"134","x":24,"y":16},{"id":"134","x":25,"y":16},{"id":"134","x":26,"y":16},{"id":"134","x":27,"y":16},{"id":"134","x":28,"y":16},{"id":"134","x":29,"y":16},{"id":"134","x":30,"y":16},{"id":"134","x":31,"y":16},{"id":"134","x":32,"y":16},{"id":"134","x":33,"y":16},{"id":"135","x":34,"y":16},{"id":"136","x":0,"y":16}],"collider":false}]}